datetimeLocal,pm1,pm25,relativehumidity,temperature,um003
2025-08-01 01:00:00+00:00,5.783333261807759,16.070833206176758,73.4958324432373,24.258333524068195,568.4166666666666
2025-08-01 02:00:00+00:00,6.545833349227905,17.68749984105428,70.91250038146973,24.40000057220459,607.125
2025-08-01 03:00:00+00:00,8.30833343664805,20.39583317438761,69.49999872843425,24.66249990463257,665.2916666666666
2025-08-01 04:00:00+00:00,15.49999992052714,28.625,72.0625,24.20416657129924,944.0833333333334
2025-08-01 05:00:00+00:00,13.733333428700766,26.37500015894572,71.26666641235352,24.49583339691162,852.875
2025-08-01 06:00:00+00:00,14.983333508173624,27.07500028610229,74.03749910990398,24.20833317438761,886.4166666666666
2025-08-01 07:00:00+00:00,20.483333269755047,31.42916663487752,74.9958324432373,23.904166380564373,1087.9166666666667
2025-08-01 08:00:00+00:00,19.983333587646484,31.22083346048991,72.45833333333333,24.525000254313152,1073.25
2025-08-01 09:00:00+00:00,16.65833322207133,28.029167016347248,69.49583435058594,25.162500381469727,982.9583333333334
2025-08-01 10:00:00+00:00,11.704166571299234,24.35833311080933,69.05416679382324,25.19583304723104,797.9583333333334
2025-08-01 11:00:00+00:00,15.508333603541056,27.141666730244957,69.50416692097981,25.170833587646484,899.7083333333334
2025-08-01 12:00:00+00:00,13.574999888737995,24.81249984105428,69.21249961853027,24.89583285649617,848.1666666666666
2025-08-01 13:00:00+00:00,11.59583322207133,24.02083333333333,65.73749987284343,25.666666666666668,813.1666666666666
2025-08-01 14:00:00+00:00,8.75,20.21666669845581,65.99999936421712,25.52083317438761,699.6666666666666
2025-08-01 15:00:00+00:00,10.537499944368998,22.425000190734863,67.03333346048991,25.28333346048991,788.4166666666666
2025-08-01 16:00:00+00:00,20.24166679382324,32.39166641235352,68.61249987284343,24.8083332379659,1063.2083333333333
2025-08-01 17:00:00+00:00,21.87916660308838,34.06666660308838,67.80833371480306,24.662499745686848,1319.5
2025-08-01 18:00:00+00:00,19.78750006357829,30.379166920979817,67.55416742960612,24.720833619435627,1053.2083333333333
2025-08-01 19:00:00+00:00,20.3083332379659,30.8125,68.73333358764648,24.56250031789144,1076.0416666666667
2025-08-01 20:00:00+00:00,18.5041667620341,28.45416657129924,70.91250038146973,24.041666348775227,952.5416666666666
2025-08-01 21:00:00+00:00,18.550000349680584,29.18333355585734,72.56666564941406,23.68333371480306,1012.75
2025-08-01 22:00:00+00:00,21.06666660308838,32.01250012715658,73.64583333333333,23.60000006357829,1114.625
2025-08-01 23:00:00+00:00,19.770833492279053,31.091667016347248,71.25416692097981,24.09999990463257,1069.0
2025-08-02 00:00:00+00:00,26.218181783502757,41.99090922962535,71.14545440673828,24.209090839732777,1639.1363636363635
2025-08-02 01:00:00+00:00,18.995833317438763,30.987500031789143,70.35416666666667,24.45833317438761,1022.8333333333334
2025-08-02 02:00:00+00:00,11.170833269755043,23.875,69.26666577657063,24.64166641235352,769.4583333333334
2025-08-02 03:00:00+00:00,10.583333333333334,23.541666666666668,68.83749961853027,24.841666380564373,768.5416666666666
2025-08-02 04:00:00+00:00,10.512499888737995,23.71250009536743,69.6708329518636,24.49583339691162,779.2083333333334
2025-08-02 05:00:00+00:00,23.979166666666668,39.32916641235352,70.46666717529297,24.149999618530277,1445.4166666666667
2025-08-02 06:00:00+00:00,26.404166380564373,41.11666711171468,70.51666641235352,24.28333314259847,1714.3333333333333
2025-08-02 07:00:00+00:00,38.52500025431315,59.262499491373696,68.39583269755046,24.983333269755047,2999.4166666666665
2025-08-02 08:00:00+00:00,26.287499745686848,40.07916641235352,66.00416692097981,25.558333079020183,1621.0833333333333
2025-08-02 09:00:00+00:00,19.629166920979817,29.65833330154419,62.37083307902018,26.34583346048991,1025.2916666666667
2025-08-02 10:00:00+00:00,17.483333508173626,27.83333333333333,60.89999993642172,26.545833428700764,949.2916666666666
2025-08-02 11:00:00+00:00,14.84166661898295,26.204166730244957,55.137499491373696,27.90833330154419,877.125
2025-08-02 12:00:00+00:00,12.895833333333334,24.399999777475998,52.691665967305504,28.483333428700764,815.5
2025-08-02 13:00:00+00:00,13.399999936421713,25.016666889190677,49.90833346048991,29.38333336512248,860.875
2025-08-02 14:00:00+00:00,17.74583347638448,28.083333492279053,47.64999961853027,30.39999993642171,996.5
2025-08-02 15:00:00+00:00,16.795833269755047,27.516666730244957,49.15416653951009,30.03333314259847,955.9166666666666
2025-08-02 16:00:00+00:00,22.0583332379659,34.162500063578285,56.99166679382324,27.82500028610229,1220.2916666666667
2025-08-02 17:00:00+00:00,21.89166641235352,34.08333365122477,62.96666717529297,26.15833346048991,1208.7916666666667
2025-08-02 18:00:00+00:00,20.479166348775227,31.416666825612385,64.69583320617676,25.504166920979817,1115.75
2025-08-02 19:00:00+00:00,21.45000012715657,32.87500031789144,67.7916653951009,24.791666984558105,1181.25
2025-08-02 20:00:00+00:00,18.916666666666668,29.0583332379659,70.60833358764648,24.041667143503823,1007.0416666666666
2025-08-02 21:00:00+00:00,15.516666571299234,26.86666679382324,72.03333282470703,23.83749993642171,885.125
2025-08-02 22:00:00+00:00,21.47500006357829,33.72083330154419,71.42083358764648,24.00416660308838,1223.3333333333333
2025-08-02 23:00:00+00:00,30.12500015894572,46.15000025431315,72.10833358764648,23.9333332379659,1994.875
2025-08-03 00:00:00+00:00,24.93333355585734,40.583333333333336,70.72500165303548,24.32083336512248,1652.5
2025-08-03 01:00:00+00:00,22.69166660308838,36.18333371480306,68.17083358764648,25.07083336512248,1361.9166666666667
2025-08-03 02:00:00+00:00,19.354166507720947,31.479166348775227,69.44166692097981,24.75833320617676,1065.8333333333333
2025-08-03 03:00:00+00:00,16.504166841506958,27.354166984558105,68.40833282470703,24.96249993642171,937.2083333333334
2025-08-03 04:00:00+00:00,16.78749990463257,27.604166666666668,68.77499961853027,24.60000022252401,925.2916666666666
2025-08-03 05:00:00+00:00,15.59166661898295,27.704166730244957,68.68750063578288,24.520833492279053,902.3333333333334
2025-08-03 06:00:00+00:00,20.2458332379659,31.82916657129924,69.73333358764648,24.050000031789143,1079.9583333333333
2025-08-03 07:00:00+00:00,26.295833269755047,41.9375,70.26666514078777,23.891667048136394,1668.0
2025-08-03 08:00:00+00:00,28.91250022252401,46.46250025431315,67.57916577657063,24.82916641235352,2007.6666666666667
2025-08-03 09:00:00+00:00,28.02499993642171,43.56666660308838,64.50000127156575,25.51250028610229,1820.125
2025-08-03 10:00:00+00:00,27.78333346048991,42.71666685740153,59.67083422342936,26.75416644414266,1863.625
2025-08-03 11:00:00+00:00,26.050000190734863,39.56666692097982,55.46666717529297,28.00833336512248,1555.5
2025-08-03 12:00:00+00:00,29.07083336512248,45.17499923706055,55.88750012715658,27.99166679382324,1651.75
2025-08-03 13:00:00+00:00,16.275000015894573,26.09166669845581,60.07499980926514,26.81666660308838,898.5833333333334
2025-08-03 14:00:00+00:00,14.02916669845581,25.112500190734863,58.0,27.424999872843426,878.6666666666666
2025-08-03 15:00:00+00:00,11.541666746139526,23.758333524068195,62.47083377838135,26.116666316986084,828.5833333333334
2025-08-03 16:00:00+00:00,16.924999793370564,28.20416657129924,64.68333371480306,25.59999990463257,946.5833333333334
2025-08-03 17:00:00+00:00,21.170833428700764,32.916666666666664,66.7375005086263,25.229166984558105,1145.375
2025-08-03 18:00:00+00:00,21.212500254313152,33.41250038146973,68.97500101725261,24.65416685740153,1143.8333333333333
2025-08-03 19:00:00+00:00,21.166666984558105,32.80416679382324,69.55833371480306,24.39583285649617,1136.9166666666667
2025-08-03 20:00:00+00:00,20.10000006357829,30.82500012715657,69.45416641235352,24.52916669845581,1031.5
2025-08-03 21:00:00+00:00,17.25,27.78333330154419,69.34999974568684,24.5041667620341,920.2916666666666
2025-08-03 22:00:00+00:00,19.13750012715657,30.379166920979817,68.21250025431316,24.916666666666668,1039.7916666666667
2025-08-03 23:00:00+00:00,33.42083342870077,50.083333333333336,67.18749936421712,25.254166920979817,2312.6666666666665
2025-08-04 00:00:00+00:00,22.75833336512248,35.38749980926514,67.75,25.25416644414266,1278.5416666666667
2025-08-04 01:00:00+00:00,23.099999984105427,35.804166634877525,66.71666653951009,25.416666666666668,1373.9583333333333
2025-08-04 02:00:00+00:00,25.86666679382324,41.44166660308838,69.32916641235352,24.62916644414266,1610.9583333333333
2025-08-04 03:00:00+00:00,23.904166380564373,37.31249968210856,69.88750012715657,24.61666679382324,1397.7083333333333
2025-08-04 04:00:00+00:00,24.64583317438761,39.65416717529297,69.76250012715657,24.74166663487752,1510.7916666666667
2025-08-04 05:00:00+00:00,23.083333651224773,37.66666666666666,71.57083320617676,24.02500009536743,1381.625
2025-08-04 06:00:00+00:00,25.795833428700764,41.17499987284342,71.96249961853027,23.7541667620341,1600.625
2025-08-04 07:00:00+00:00,22.14166657129924,34.97083346048991,71.59166590372722,23.90000009536743,1274.0416666666667
2025-08-04 08:00:00+00:00,22.90000009536743,35.53333346048991,69.35416603088379,24.65416669845581,1318.5833333333333
2025-08-04 09:00:00+00:00,21.6875,33.84583346048991,67.94583384195964,25.079166730244957,1216.375
2025-08-04 10:00:00+00:00,18.41250006357829,28.570833524068195,65.79166730244954,25.62499984105428,991.4583333333334
2025-08-04 11:00:00+00:00,22.020833094914757,35.84166653951009,64.25416660308838,26.30833339691162,1436.7083333333333
2025-08-04 12:00:00+00:00,24.00000015894572,36.866666634877525,67.36666742960612,25.662499745686848,1403.2916666666667
2025-08-04 13:00:00+00:00,17.87083339691162,28.67916663487752,68.16249974568684,25.391666889190677,977.5
2025-08-04 14:00:00+00:00,18.162500143051147,27.93333339691162,68.05833371480306,25.52916669845581,932.0416666666666
2025-08-04 15:00:00+00:00,20.50000015894572,30.95000012715657,70.17916806538899,25.14583317438761,1067.7083333333333
2025-08-04 16:00:00+00:00,23.691666920979817,37.59166685740153,72.46666653951009,24.804166952768963,1361.6666666666667
2025-08-04 17:00:00+00:00,23.14999993642171,36.19166628519694,72.6124979654948,24.762499809265137,1326.4583333333333
2025-08-04 18:00:00+00:00,24.237500031789143,38.08333365122477,72.41666793823242,24.708333492279053,1422.875
2025-08-04 19:00:00+00:00,22.96666669845581,36.72916634877523,75.17500114440918,24.054166475931805,1302.2916666666667
2025-08-04 20:00:00+00:00,22.8791667620341,36.07500012715658,74.4375,24.237499872843426,1247.25
2025-08-04 21:00:00+00:00,20.46250009536743,32.33749977747599,74.95833269755046,24.170833587646484,1094.875
2025-08-04 22:00:00+00:00,19.916666666666668,31.174999872843426,75.19166564941406,24.05416679382324,1029.5
2025-08-04 23:00:00+00:00,20.029167016347248,32.112499713897705,76.21666526794434,23.762499650319416,1070.5833333333333
2025-08-05 00:00:00+00:00,18.987499872843426,30.42916679382324,76.04999860127766,23.70833381017049,985.125
2025-08-05 01:00:00+00:00,15.96666685740153,28.96666669845581,76.07916514078777,23.62500031789144,903.9583333333334
2025-08-05 02:00:00+00:00,13.166666746139526,26.487500190734863,75.00000063578288,23.766666253407795,839.875
2025-08-05 03:00:00+00:00,10.633333365122477,24.33750009536743,77.12916564941406,23.433333079020183,758.5833333333334
2025-08-05 04:00:00+00:00,11.40833330154419,24.20833333333333,77.74999872843425,23.31249984105428,786.125
2025-08-05 05:00:00+00:00,16.633333444595337,27.90416653951009,77.19166628519694,23.47083314259847,920.9166666666666
2025-08-05 06:00:00+00:00,19.083333253860477,30.395833492279053,76.72499974568684,23.53750006357829,998.875
2025-08-05 07:00:00+00:00,21.454166730244957,32.72083346048991,75.20833206176758,23.87916644414266,1158.9583333333333
2025-08-05 08:00:00+00:00,20.641666730244957,31.958333651224773,75.72916730244954,23.94583288828532,1109.25
2025-08-05 09:00:00+00:00,19.40416669845581,30.574999809265137,73.87083498636882,24.483333428700764,1052.125
2025-08-05 10:00:00+00:00,12.49583339691162,24.17916663487752,69.30416615804036,25.51666657129924,806.0833333333334
2025-08-05 11:00:00+00:00,9.72083334128062,22.70833333333333,66.26666514078777,26.074999809265137,755.25
2025-08-05 12:00:00+00:00,7.400000015894572,18.804166475931805,63.81666660308838,26.512499650319416,650.2916666666666
2025-08-05 13:00:00+00:00,7.375,17.833333174387615,65.21249961853027,26.083333651224773,660.0
2025-08-05 14:00:00+00:00,7.412500023841858,18.88333320617676,65.57083320617676,25.741666475931805,644.25
2025-08-05 15:00:00+00:00,8.662499944368998,21.06249984105428,66.51666641235352,25.50833336512248,707.8333333333334
2025-08-05 16:00:00+00:00,11.850000063578287,24.574999968210857,67.57083257039388,25.266666730244957,796.5416666666666
2025-08-05 17:00:00+00:00,20.625,33.05000034968058,68.2666695912679,25.045833587646484,1179.2916666666667
2025-08-05 18:00:00+00:00,16.645833333333332,28.49999984105428,67.89583396911621,25.199999968210857,930.2916666666666
2025-08-05 19:00:00+00:00,19.729166507720947,31.120833079020183,69.16666793823242,24.929166316986084,1082.875
2025-08-05 20:00:00+00:00,22.074999809265137,34.854166666666664,69.41249974568684,24.987500031789143,1236.375
2025-08-05 21:00:00+00:00,19.809090701016512,30.986363671042703,69.53181804310192,24.97272734208541,1058.1818181818182
2025-08-05 22:00:00+00:00,19.40833346048991,30.925000349680584,70.27500025431316,24.81666660308838,1018.5833333333334
2025-08-05 23:00:00+00:00,19.799999872843426,31.800000031789143,70.43750063578288,24.829166253407795,1054.9166666666667
2025-08-06 00:00:00+00:00,15.395833333333334,27.704166889190677,70.5500005086263,24.87916612625122,870.2916666666666
2025-08-06 01:00:00+00:00,14.550000017339531,27.57272720336914,72.0818169333718,24.46363657171076,868.6363636363636
2025-08-06 02:00:00+00:00,16.729166587193806,29.10833311080933,72.49583371480306,24.070833524068195,937.9583333333334
2025-08-06 03:00:00+00:00,15.43749984105428,27.72500006357829,72.92083358764648,23.908333619435627,896.75
2025-08-06 04:00:00+00:00,4.925000031789144,11.295833468437197,75.5458329518636,23.31666660308838,495.9583333333333
2025-08-06 05:00:00+00:00,13.987500111262005,24.42916679382324,74.60833422342937,23.24583339691162,835.5416666666666
2025-08-06 06:00:00+00:00,20.574999968210857,31.916666507720947,72.72083346048991,23.47083330154419,1089.75
2025-08-06 07:00:00+00:00,22.14583333333333,34.583333015441895,72.52500025431316,23.483333269755047,1245.5833333333333
2025-08-06 08:00:00+00:00,22.59583330154419,36.037500063578285,71.77083333333333,23.65416669845581,1278.5416666666667
2025-08-06 09:00:00+00:00,22.39583333333333,34.79583326975504,70.36666615804036,24.279167016347248,1262.2083333333333
2025-08-06 10:00:00+00:00,24.60000022252401,38.93333307902018,68.52083269755046,25.02083333333333,1461.375
2025-08-06 11:00:00+00:00,21.42083311080933,32.78333314259847,61.56250031789144,26.47083314259847,1171.75
2025-08-06 12:00:00+00:00,18.41249990463257,28.479166507720947,61.34166685740153,26.375,966.5833333333334
2025-08-06 13:00:00+00:00,19.57083336512248,30.38333304723104,57.662500063578285,27.054166316986084,1036.4166666666667
2025-08-06 14:00:00+00:00,23.362500190734863,35.89583365122477,62.82499980926514,25.91249990463257,1337.625
2025-08-06 15:00:00+00:00,22.233333269755047,34.31666660308838,64.3458325068156,25.487499713897705,1232.5416666666667
2025-08-06 16:00:00+00:00,22.56666660308838,34.87083307902018,62.537500063578285,25.28333330154419,1304.5833333333333
2025-08-06 17:00:00+00:00,24.400000254313152,37.9916664759318,63.71666781107584,25.12083371480306,1420.0833333333333
2025-08-06 18:00:00+00:00,26.308333079020183,40.82916673024496,64.49166774749756,25.03333346048991,1609.1666666666667
2025-08-06 19:00:00+00:00,25.93333355585734,40.59166685740153,66.67916679382324,24.799999554951984,1594.5
2025-08-06 20:00:00+00:00,26.229166507720947,41.11250019073486,68.77500089009602,24.49166663487752,1605.125
2025-08-06 21:00:00+00:00,24.72500006357829,39.42083358764648,69.71250089009602,24.370833079020183,1453.7916666666667
2025-08-06 22:00:00+00:00,24.49166679382324,39.7583335240682,69.82083257039388,24.47083330154419,1459.75
2025-08-06 23:00:00+00:00,23.829166889190677,38.287500063578285,69.60833358764648,24.71666685740153,1392.3333333333333
2025-08-07 00:00:00+00:00,24.8083332379659,40.225000063578285,71.01250076293945,24.32916641235352,1501.7083333333333
2025-08-07 01:00:00+00:00,23.39999993642171,38.70000012715658,72.38749885559082,23.987499713897705,1397.4583333333333
2025-08-07 02:00:00+00:00,31.33333333333333,52.06250031789144,73.35833358764648,23.81249936421712,2149.333333333333
2025-08-07 03:00:00+00:00,22.86666663487752,37.79166666666666,73.22083473205566,23.84166669845581,1331.7916666666667
2025-08-07 04:00:00+00:00,22.09999990463257,35.46666685740153,72.10416603088379,23.82916657129924,1248.4583333333333
2025-08-07 05:00:00+00:00,23.62499984105428,38.39999961853027,71.24583307902019,23.96249993642171,1364.75
2025-08-07 06:00:00+00:00,34.45416673024496,53.87083339691162,70.19999885559082,24.02083333333333,2368.625
2025-08-07 07:00:00+00:00,27.95833317438761,44.27083269755045,70.1750005086263,24.12500031789144,1797.875
2025-08-07 08:00:00+00:00,31.07500028610229,50.800000508626304,72.67916552225749,24.045833428700764,2214.125
2025-08-07 09:00:00+00:00,30.783333619435627,50.23333295186361,73.69583384195964,24.23333311080933,2127.1666666666665
2025-08-07 10:00:00+00:00,23.179166316986084,37.18333307902018,66.9250005086263,25.27083301544189,1331.625
2025-08-07 11:00:00+00:00,21.854166666666668,33.60416634877523,63.65833282470703,25.595833778381348,1169.875
2025-08-07 12:00:00+00:00,21.92083311080933,34.04583326975504,62.58749930063883,26.295833269755047,1201.2083333333333
2025-08-07 13:00:00+00:00,21.58333301544189,33.11249987284342,63.42083231608073,26.291666984558105,1138.9583333333333
2025-08-07 14:00:00+00:00,21.233333269755047,32.67916679382324,63.32916673024496,26.01250012715657,1119.0416666666667
2025-08-07 15:00:00+00:00,21.629166920979817,33.70000012715658,65.27916653951009,25.729166507720947,1173.5416666666667
2025-08-07 16:00:00+00:00,23.69583336512248,37.25833320617676,66.9166653951009,25.429166475931805,1362.375
2025-08-07 17:00:00+00:00,23.82916657129924,38.44166660308838,69.7041670481364,24.87499968210856,1370.25
2025-08-07 18:00:00+00:00,24.07916657129924,38.37083339691162,71.47916666666667,24.39166657129924,1381.5
2025-08-07 19:00:00+00:00,24.541666666666668,39.41249974568685,72.85833549499512,23.949999968210857,1447.9583333333333
2025-08-07 20:00:00+00:00,25.137499809265137,39.583333333333336,71.88333384195964,24.087500254313152,1440.375
2025-08-07 21:00:00+00:00,22.25000031789144,34.3833335240682,72.46666653951009,24.06666660308838,1204.7916666666667
2025-08-07 22:00:00+00:00,22.091666380564373,33.97083314259847,72.0749994913737,24.204167048136394,1218.1666666666667
2025-08-07 23:00:00+00:00,21.699999968210857,34.10000038146973,73.44166564941406,24.0041667620341,1176.5416666666667
2025-08-08 00:00:00+00:00,21.587499777475998,34.291666666666664,72.76250012715657,24.141666889190677,1171.5
2025-08-08 01:00:00+00:00,22.05833355585734,34.53333346048991,73.05833307902019,24.129167079925537,1217.5416666666667
2025-08-08 02:00:00+00:00,21.6875,34.70000012715658,72.82083384195964,24.16250022252401,1178.0416666666667
2025-08-08 03:00:00+00:00,21.612500031789143,34.37499968210856,72.16250038146973,24.266666730244957,1188.3333333333333
2025-08-08 04:00:00+00:00,22.74166663487752,36.1791664759318,73.54583485921223,23.8125,1277.5416666666667
2025-08-08 05:00:00+00:00,22.149999777475998,34.77916622161865,73.85416793823242,23.71250041325887,1224.125
2025-08-08 06:00:00+00:00,25.46666669845581,41.31666723887125,73.94583320617676,23.63333368301392,1488.9583333333333
2025-08-08 07:00:00+00:00,28.329166889190677,45.17916615804037,73.69583320617676,23.712500254313152,1960.125
2025-08-08 08:00:00+00:00,24.983333587646484,39.67499987284342,71.12916501363118,24.233333269755047,1497.75
2025-08-08 09:00:00+00:00,23.5,37.041666984558105,69.57500076293945,24.3874994913737,1360.8333333333333
2025-08-08 10:00:00+00:00,22.47500006357829,34.662500063578285,67.22083346048991,25.033333619435627,1251.0416666666667
2025-08-08 11:00:00+00:00,21.61666679382324,32.73333342870077,66.32083257039388,25.25833384195964,1153.5
2025-08-08 12:00:00+00:00,20.925000031789143,31.87500031789144,65.74999936421712,25.483333269755047,1110.4166666666667
2025-08-08 13:00:00+00:00,19.420833428700764,30.20416641235352,67.8291670481364,25.03333330154419,1031.6666666666667
2025-08-08 14:00:00+00:00,19.49583339691162,30.1875,67.75833447774251,25.12083339691162,1042.375
2025-08-08 15:00:00+00:00,20.69583336512248,31.479166507720947,69.40833282470703,24.76250028610229,1092.9583333333333
2025-08-08 16:00:00+00:00,22.91249990463257,35.93333339691162,70.49583307902019,24.541666666666668,1389.75
2025-08-08 17:00:00+00:00,21.791666666666668,34.37083307902018,70.9333324432373,24.433333079020183,1239.0
2025-08-08 18:00:00+00:00,22.00833336512248,34.6875,71.2333329518636,24.39166657129924,1223.0416666666667
2025-08-08 19:00:00+00:00,21.91249990463257,34.72499974568685,73.34583218892415,23.87500015894572,1225.0
2025-08-08 20:00:00+00:00,22.24166663487752,35.46666669845581,73.61666679382324,23.733333269755047,1251.6666666666667
2025-08-08 21:00:00+00:00,19.445833444595337,31.82916720708211,73.5500005086263,23.69166660308838,1076.4583333333333
2025-08-08 22:00:00+00:00,19.08333333333333,30.81249984105428,74.20833333333333,23.541666666666668,1014.5833333333334
2025-08-08 23:00:00+00:00,20.97500022252401,33.62083307902018,72.8291670481364,24.016666730244957,1145.5416666666667
2025-08-09 00:00:00+00:00,19.049999554951984,30.94583320617676,71.76666768391927,24.229166825612385,1041.0833333333333
2025-08-09 01:00:00+00:00,9.97083334128062,23.120833079020183,69.90416653951009,24.5666667620341,750.375
2025-08-09 02:00:00+00:00,13.05833331743876,25.545833269755047,70.86249923706055,24.233333428700764,848.0833333333334
2025-08-09 03:00:00+00:00,19.449999968210857,31.80416663487752,70.51666641235352,24.108333428700764,1087.5416666666667
2025-08-09 04:00:00+00:00,17.616666714350384,30.27499993642171,71.19166628519694,23.96249993642171,999.0416666666666
2025-08-09 05:00:00+00:00,16.70833357175191,28.41250022252401,71.69583320617676,23.933333079020183,938.7083333333334
2025-08-09 06:00:00+00:00,20.78333330154419,32.67500034968058,71.71666781107585,23.94583336512248,1133.9166666666667
2025-08-09 07:00:00+00:00,22.272727272727277,34.87727303938432,70.74545565518466,24.131817730990324,1249.4545454545455
2025-08-09 08:00:00+00:00,26.420833428700764,41.29166666666666,69.42083231608073,24.458333492279053,1612.875
2025-08-09 09:00:00+00:00,25.166666666666668,39.499999364217125,67.78333409627278,24.925000190734863,1525.4166666666667
2025-08-09 10:00:00+00:00,22.670833428700764,35.416666666666664,65.02916622161865,25.470832983652752,1273.9166666666667
2025-08-09 11:00:00+00:00,17.387499968210857,29.795833428700764,60.17499987284342,26.53333330154419,1027.125
2025-08-09 12:00:00+00:00,9.891666650772097,22.3125,56.34166622161865,27.27916685740153,735.5416666666666
2025-08-09 13:00:00+00:00,8.137500047683716,20.14166657129924,58.21666717529297,26.674999713897705,694.2916666666666
2025-08-09 14:00:00+00:00,8.408333341280619,20.479166825612385,63.35416730244955,25.737500190734863,681.7083333333334
2025-08-09 15:00:00+00:00,12.00000011920929,23.958333492279053,63.81249904632568,25.387499968210857,812.1666666666666
2025-08-09 16:00:00+00:00,17.187499682108562,28.8125,64.93333180745442,25.30416663487752,1006.5
2025-08-09 17:00:00+00:00,13.81250007947286,26.59166669845581,67.00416628519694,25.020833492279053,898.5833333333334
2025-08-09 18:00:00+00:00,15.983333349227903,27.68749984105428,67.13333320617676,24.612499713897705,932.375
2025-08-09 19:00:00+00:00,22.16249990463257,35.262499968210854,65.68749968210857,24.81249984105428,1278.875
2025-08-09 20:00:00+00:00,23.03750006357829,36.21666653951009,66.14999930063884,24.90416669845581,1360.3333333333333
2025-08-09 21:00:00+00:00,21.05416663487752,33.31666644414266,68.40416781107585,24.82499933242798,1141.2916666666667
2025-08-09 22:00:00+00:00,20.545833428700764,33.49166679382324,69.79999923706055,24.58333333333333,1124.375
2025-08-09 23:00:00+00:00,23.691666920979817,37.82499980926514,70.68749872843425,24.512499809265137,1372.625
2025-08-10 00:00:00+00:00,23.1291667620341,38.23750019073486,71.03749974568684,24.5666667620341,1346.625
2025-08-10 01:00:00+00:00,22.512499888737995,37.71250025431315,70.19583320617676,24.62083387374878,1304.6666666666667
2025-08-10 02:00:00+00:00,17.570833444595337,30.125,70.47499910990398,24.358333587646484,991.5
2025-08-10 03:00:00+00:00,25.37083355585734,41.620833237965904,68.95000076293945,24.75416628519694,1603.2083333333333
2025-08-10 04:00:00+00:00,25.84583330154419,42.24166679382324,70.08333333333333,24.33333301544189,1621.0416666666667
2025-08-10 05:00:00+00:00,20.20833333333333,32.67083342870077,69.63333511352539,24.37499968210856,1103.3333333333333
2025-08-10 06:00:00+00:00,23.99583339691162,38.49583371480306,68.17499860127766,24.57083336512248,1451.5
2025-08-10 07:00:00+00:00,30.791666825612385,48.83749993642172,68.0625,24.758333524068195,2132.75
2025-08-10 08:00:00+00:00,25.416666825612385,40.44583320617676,66.1041653951009,25.404167016347248,1602.2083333333333
2025-08-10 09:00:00+00:00,11.945833285649618,24.15833330154419,63.46666590372721,26.03750006357829,844.0
2025-08-10 10:00:00+00:00,7.266666650772095,18.95416680971781,62.895833333333336,26.00833336512248,624.625
2025-08-10 11:00:00+00:00,13.150000095367432,26.02500033378601,60.77500025431315,26.47083330154419,827.9166666666666
2025-08-10 12:00:00+00:00,6.095833261807759,15.587500095367432,59.74166711171468,26.91249990463257,578.5833333333334
2025-08-10 13:00:00+00:00,6.8166667222976685,14.804166793823242,59.01666641235352,27.21666669845581,603.2916666666666
2025-08-10 14:00:00+00:00,4.97083334128062,11.00416668256124,58.624999364217125,27.24166663487752,504.7083333333333
2025-08-10 15:00:00+00:00,9.50000007947286,18.941666563351948,59.6875,27.09583330154419,733.3333333333334
2025-08-10 16:00:00+00:00,8.18333331743876,18.46666677792867,62.43333339691162,26.400000254313152,680.4583333333334
2025-08-10 17:00:00+00:00,13.62916660308838,22.68333339691162,63.237500508626304,26.07083320617676,972.7916666666666
2025-08-10 18:00:00+00:00,11.625,22.82083336512248,67.24166615804036,25.12499984105428,809.2916666666666
2025-08-10 19:00:00+00:00,14.829166650772097,27.487500190734863,71.33333396911621,24.24583339691162,922.4583333333334
2025-08-10 20:00:00+00:00,18.849999745686848,31.14166657129924,73.0666675567627,23.99583339691162,1045.625
2025-08-10 21:00:00+00:00,15.229166428248089,28.14999993642171,73.85416730244954,24.02083333333333,962.75
2025-08-10 22:00:00+00:00,11.962499936421713,25.16250006357829,72.21250025431316,24.324999968210857,788.5
2025-08-10 23:00:00+00:00,15.512499849001566,29.34583346048991,71.34999974568684,24.49999968210856,999.875
2025-08-11 00:00:00+00:00,13.012500166893004,26.487500190734863,70.33750089009602,24.68750031789144,906.7083333333334
2025-08-11 01:00:00+00:00,14.637499809265137,29.6916667620341,69.96666653951009,24.80416679382324,1084.4583333333333
2025-08-11 02:00:00+00:00,10.100000023841858,22.54166658719381,72.57083384195964,24.45833317438761,744.4166666666666
2025-08-11 03:00:00+00:00,4.537499944368999,10.850000103314718,71.9375,24.43333355585734,502.0
2025-08-11 04:00:00+00:00,4.058333357175191,9.850000063578287,71.25416628519694,24.65000041325887,463.7916666666667
2025-08-11 05:00:00+00:00,4.716666678587596,11.537499944368998,72.19583320617676,24.5625,490.6666666666667
2025-08-11 06:00:00+00:00,8.50000003973643,18.87499992052714,72.26249885559082,24.641666889190677,665.2083333333334
2025-08-11 07:00:00+00:00,14.537500143051147,26.504166920979817,73.22916666666667,24.30416679382324,873.375
2025-08-11 08:00:00+00:00,7.358333349227905,18.004166682561237,71.6875,24.829166730244957,649.9166666666666
2025-08-11 09:00:00+00:00,4.983333388964335,11.166666706403095,65.7333329518636,26.0583332379659,511.75
2025-08-11 10:00:00+00:00,3.1166666597127914,6.812499980131785,59.99999968210856,27.05416679382324,415.6666666666667
2025-08-11 11:00:00+00:00,2.6833333373069763,5.995833396911621,57.745832761128746,27.629166920979817,395.0416666666667
2025-08-11 12:00:00+00:00,3.420833388964335,7.15833334128062,62.23749955495199,26.58333285649617,432.5416666666667
2025-08-11 13:00:00+00:00,2.92083332935969,6.358333309491475,62.333333333333336,26.658333619435627,399.625
2025-08-11 14:00:00+00:00,3.3958333134651184,7.179166714350383,60.225000063578285,27.25000015894572,427.5
2025-08-11 15:00:00+00:00,3.637499988079071,7.587500095367432,61.40833377838135,26.86666663487752,451.8333333333333
2025-08-11 16:00:00+00:00,3.7416666547457376,8.241666634877523,64.85416634877522,26.125,438.1666666666667
2025-08-11 17:00:00+00:00,8.083333214124044,16.133333285649616,67.2458324432373,25.408333619435627,631.375
2025-08-11 18:00:00+00:00,8.633333345254263,18.43333339691162,69.64583269755046,24.704166730244957,673.0
2025-08-11 19:00:00+00:00,5.524999996026357,13.583333373069763,70.7708346048991,24.37083371480306,558.9583333333334
2025-08-11 20:00:00+00:00,14.55000021060308,26.491666714350384,71.14999961853027,24.20833301544189,1153.2083333333333
2025-08-11 21:00:00+00:00,8.65833326180776,15.34166661898295,70.57499885559082,24.36666663487752,668.0
2025-08-11 22:00:00+00:00,5.754166662693024,13.020833253860474,71.30833371480306,24.06250015894572,552.2916666666666
2025-08-11 23:00:00+00:00,6.808333297570546,13.474999984105429,72.2041670481364,23.791667143503823,568.4166666666666
2025-08-12 00:00:00+00:00,11.595833480358124,20.445833484331768,70.89583333333333,24.11666663487752,842.5416666666666
2025-08-12 01:00:00+00:00,3.229166641831398,7.174999992052714,70.58333333333333,24.17916711171468,406.9583333333333
2025-08-12 02:00:00+00:00,2.191666680077712,5.470833381017049,72.92916679382324,23.858333269755047,348.625
2025-08-12 03:00:00+00:00,1.216666664928198,4.2916666467984514,73.20833396911621,23.80833355585734,300.625
2025-08-12 04:00:00+00:00,1.295833341777325,4.537499924500783,72.66666730244954,23.85000006357829,316.0833333333333
2025-08-12 05:00:00+00:00,2.6000000089406967,6.48333336909612,71.77500025431316,24.02916685740153,372.75
2025-08-12 06:00:00+00:00,7.137499968210856,16.8083336353302,72.32916641235352,24.020833492279053,643.7083333333334
2025-08-12 07:00:00+00:00,9.6875,19.608333230018616,75.83333333333333,23.43749984105428,720.375
2025-08-12 08:00:00+00:00,3.866666634877523,7.954166690508525,76.03333346048991,23.43749952316284,461.7083333333333
2025-08-12 09:00:00+00:00,5.575000047683716,9.608333230018616,71.8000005086263,24.174999872843426,526.7083333333334
2025-08-12 10:00:00+00:00,2.320833295583725,4.862499992052714,69.4833329518636,24.58333333333333,344.1666666666667
2025-08-12 11:00:00+00:00,1.0958333338300388,3.649999996026357,65.49166488647461,25.34166685740153,301.0416666666667
2025-08-12 12:00:00+00:00,0.0916666686534881,0.8666666708886623,61.125,26.541666348775227,174.29166666666666
2025-08-12 13:00:00+00:00,0.0,0.0416666666666666,59.77500025431315,26.666666825612385,124.91666666666669
2025-08-12 14:00:00+00:00,0.0,0.054166667163372,59.29583358764648,26.84166669845581,125.41666666666669
2025-08-12 15:00:00+00:00,0.0875000009934107,0.3375000009934107,61.48333295186361,26.291666507720947,168.875
2025-08-12 16:00:00+00:00,1.225000016391277,3.995833317438761,63.94999980926514,25.949999809265137,305.4166666666667
2025-08-12 17:00:00+00:00,2.725000088413557,6.570833206176758,65.08333428700765,25.483333428700764,377.5416666666667
2025-08-12 18:00:00+00:00,0.4083333363135655,2.125000014901161,68.69166628519694,24.71249993642171,245.83333333333331
2025-08-12 19:00:00+00:00,6.016666675607364,11.07916663090388,70.30416679382324,24.362500190734863,597.125
2025-08-12 20:00:00+00:00,5.154166728258133,9.47083326180776,70.15833473205566,24.320833524068195,499.2916666666667
2025-08-12 21:00:00+00:00,14.8166663646698,25.408333381017048,70.94583320617676,24.158333619435627,1140.125
2025-08-12 22:00:00+00:00,4.929166701932748,10.200000067551931,71.70833333333333,24.195833524068195,503.5833333333333
2025-08-12 23:00:00+00:00,3.1833333373069763,6.870833317438762,71.15000089009602,24.22500006357829,366.75
2025-08-13 00:00:00+00:00,1.5125000004967053,4.637500007947286,70.00833257039388,24.420833269755047,327.1666666666667
2025-08-13 01:00:00+00:00,4.154166638851166,10.799999952316284,70.77916526794434,24.045833428700764,470.9166666666667
2025-08-13 02:00:00+00:00,0.1458333345750967,1.3249999955296516,70.75833193461101,23.87500015894572,187.83333333333331
2025-08-13 03:00:00+00:00,0.4708333288629849,1.7166666879008214,69.67916742960612,24.075000603993733,226.16666666666663
2025-08-13 04:00:00+00:00,0.4625000009934107,2.312500026077032,75.37499872843425,23.112499554951984,241.70833333333331
2025-08-13 05:00:00+00:00,2.016666625936826,5.370833396911621,73.95833206176758,23.67916663487752,351.2083333333333
2025-08-13 06:00:00+00:00,9.800000011920927,17.3416668176651,72.62500063578288,23.8833327293396,713.5416666666666
2025-08-13 07:00:00+00:00,11.420833269755043,21.93333347638448,71.16666666666667,24.00833288828532,790.75
2025-08-13 08:00:00+00:00,7.945833305517833,14.43750003973643,69.85833358764648,24.51250028610229,615.0
2025-08-13 09:00:00+00:00,4.495833357175191,10.19999990860621,68.30833307902019,24.691666920979817,475.3333333333333
2025-08-13 10:00:00+00:00,0.9708333363135656,3.6166667143503823,65.45416768391927,25.20416657129924,298.1666666666667
2025-08-13 11:00:00+00:00,0.316666666418314,1.8874999831120172,64.12916723887126,25.666666666666668,224.58333333333331
2025-08-13 12:00:00+00:00,0.3833333365619182,2.3541666517655053,64.02500089009602,25.5583332379659,253.125
2025-08-13 13:00:00+00:00,0.6708333343267441,2.729166661699613,64.82916768391927,25.49583339691162,270.3333333333333
2025-08-13 14:00:00+00:00,0.7333333324640989,2.266666665673256,65.28333282470703,25.412500381469727,255.125
2025-08-13 15:00:00+00:00,0.4958333298563957,2.275000015894572,65.2333329518636,25.40416669845581,241.66666666666663
2025-08-13 16:00:00+00:00,2.0875000059604645,4.745833313713471,66.11249987284343,25.22083314259847,339.25
2025-08-13 17:00:00+00:00,3.987500006953875,8.325000127156576,66.7916653951009,25.19583336512248,438.7916666666667
2025-08-13 18:00:00+00:00,1.7208333412806194,5.2833333015441895,69.37916692097981,24.63750012715657,353.5833333333333
2025-08-13 19:00:00+00:00,3.062499980131785,6.933333317438762,70.88333129882812,24.24166663487752,417.4166666666667
2025-08-13 20:00:00+00:00,2.458333353201548,5.758333265781403,68.98749923706055,24.05416711171468,391.5833333333333
2025-08-13 21:00:00+00:00,9.887499988079073,16.76249982913335,67.12916692097981,24.170834064483643,851.25
2025-08-13 22:00:00+00:00,61.04583371678988,95.18333329757054,70.58749961853027,24.03750006357829,4471.625
2025-08-13 23:00:00+00:00,2.020833363135656,5.808333267768224,72.65416717529297,23.83749993642171,326.3333333333333
2025-08-14 00:00:00+00:00,2.937500006208817,7.370833396911621,72.48749987284343,23.58750041325887,406.6666666666667
2025-08-14 01:00:00+00:00,0.854166674738129,2.275000014031926,70.72916793823242,23.62500015894572,254.20833333333331
2025-08-14 02:00:00+00:00,1.950000002980232,6.21666677792867,69.53750038146973,23.862499872843426,345.7916666666667
2025-08-14 03:00:00+00:00,0.0291666661699612,1.1749999796350796,70.34166653951009,23.65833346048991,187.75
2025-08-14 04:00:00+00:00,0.0916666661699612,0.6624999965230624,70.2375005086263,23.916666666666668,184.16666666666663
2025-08-14 05:00:00+00:00,0.708333338300387,2.95416667064031,69.6374994913737,24.195833524068195,274.0416666666667
2025-08-14 06:00:00+00:00,3.950000010430813,9.31250003973643,70.17083422342937,24.100000540415447,469.2916666666667
2025-08-14 07:00:00+00:00,9.583333333333334,18.94166660308838,69.78749910990398,24.104166666666668,731.7083333333334
2025-08-14 08:00:00+00:00,12.56249988079071,22.56249976158142,67.5458329518636,24.62916644414266,783.8333333333334
2025-08-14 09:00:00+00:00,17.62499992052714,29.39166665077209,67.04166666666667,24.65833330154419,1309.2083333333333
2025-08-14 10:00:00+00:00,3.0708333452542624,7.220833361148834,64.57083288828532,24.89999993642171,438.8333333333333
2025-08-14 11:00:00+00:00,0.9750000312924384,2.654166692246993,61.07500012715658,25.862499713897705,255.5
2025-08-14 12:00:00+00:00,0.2624999955296516,1.7750000084439914,64.0041675567627,25.512499809265137,227.41666666666663
2025-08-14 13:00:00+00:00,0.0125000004967053,0.2875000089406967,61.42083263397217,25.69583288828532,177.66666666666666
2025-08-14 14:00:00+00:00,0.0208333333333333,0.625,60.54999955495199,25.90000009536743,180.83333333333331
2025-08-14 15:00:00+00:00,0.0416666666666666,0.5333333344509205,61.79583295186361,25.55833355585734,169.58333333333334
2025-08-14 16:00:00+00:00,1.5541666597127914,4.795833284656207,62.56666692097982,25.3166667620341,315.125
2025-08-14 17:00:00+00:00,1.5791666638106108,4.691666642824809,62.97499942779541,25.233333428700764,320.4583333333333
2025-08-14 18:00:00+00:00,2.70416667064031,5.687500019868215,66.1416670481364,24.78750006357829,377.7916666666667
2025-08-14 19:00:00+00:00,7.824999988079071,15.404166539510092,66.8125,24.03333314259847,639.3333333333334
2025-08-14 20:00:00+00:00,6.837499896685283,13.287500063578287,65.51666768391927,24.15833346048991,587.375
2025-08-14 21:00:00+00:00,6.0863637057217685,11.659090909090908,67.01818223433061,23.91818133267489,612.7272727272727
2025-08-14 22:00:00+00:00,3.841666678587596,7.941666603088379,68.34999974568684,23.84583282470703,460.75
2025-08-14 23:00:00+00:00,4.970833361148834,10.479166626930237,68.05416615804036,23.995833079020183,501.125
2025-08-15 00:00:00+00:00,6.308333317438762,12.00416668256124,67.70833396911621,23.91249990463257,550.6666666666666
2025-08-15 01:00:00+00:00,4.100000023841858,9.587500095367432,67.55833307902019,23.770833651224773,484.0
2025-08-15 02:00:00+00:00,5.666666666666667,14.037499825159708,67.95000012715657,23.716667016347248,544.7916666666666
2025-08-15 03:00:00+00:00,8.358333349227905,18.21666677792867,65.34166717529297,24.65833314259847,653.7916666666666
2025-08-15 04:00:00+00:00,4.716666638851166,10.633333245913189,66.45416514078777,24.291667143503823,493.4166666666667
2025-08-15 05:00:00+00:00,20.91250022252401,32.45000020662943,66.71250025431316,24.25416644414266,1317.0416666666667
2025-08-15 06:00:00+00:00,29.654167016347248,44.01666673024496,67.95416641235352,23.83333333333333,1960.875
2025-08-15 07:00:00+00:00,37.75416692097982,59.20000012715658,67.9833329518636,23.770833492279053,2764.25
2025-08-15 08:00:00+00:00,31.31250015894572,50.42083326975504,63.62916692097982,25.033332983652752,2141.2916666666665
2025-08-15 09:00:00+00:00,8.533333341280619,17.99166663487752,58.04999955495199,26.03333330154419,688.9583333333334
2025-08-15 10:00:00+00:00,8.150000008669766,17.45454536784779,55.55909139459784,26.75454555858265,680.2727272727273
2025-08-15 11:00:00+00:00,5.149999976158142,11.325000047683716,53.10833422342936,27.45000028610229,550.0
2025-08-15 12:00:00+00:00,6.65833334128062,14.81666652361552,52.09999910990397,27.920833587646484,602.3333333333334
2025-08-15 13:00:00+00:00,4.891666670640309,11.008333285649618,61.42500019073486,25.61666663487752,517.2916666666666
2025-08-15 14:00:00+00:00,11.141666769981384,18.22083342075348,62.80000019073486,25.545833746592205,691.75
2025-08-15 15:00:00+00:00,4.920833349227905,10.125,63.21250025431315,25.55833339691162,521.1666666666666
2025-08-15 16:00:00+00:00,11.258333285649618,20.991666714350384,62.50416723887125,25.620832761128742,794.4583333333334
2025-08-15 17:00:00+00:00,6.858333309491475,15.954166571299234,65.90833346048991,24.641666889190677,615.0416666666666
2025-08-15 18:00:00+00:00,7.616666634877522,18.208333253860477,70.55833435058594,23.77916669845581,657.9166666666666
2025-08-15 19:00:00+00:00,16.83750021457672,28.620833079020183,73.97916730244954,23.20000012715657,961.2916666666666
2025-08-15 20:00:00+00:00,13.116666555404665,25.20416657129924,74.66250101725261,23.20833333333333,838.4583333333334
2025-08-15 21:00:00+00:00,7.850000023841858,19.11666679382324,73.84999910990398,23.41250006357829,661.0833333333334
2025-08-15 22:00:00+00:00,16.391666412353516,28.712500254313152,72.81250063578288,23.537500540415447,1213.9166666666667
2025-08-15 23:00:00+00:00,10.329166531562803,22.141667048136394,72.59583346048991,23.47499990463257,752.2083333333334
2025-08-16 00:00:00+00:00,4.741666674613953,10.358333349227903,72.15833409627278,23.520833492279053,503.9166666666667
2025-08-16 01:00:00+00:00,6.870833357175191,15.608333428700766,71.85000101725261,23.43333339691162,611.9583333333334
2025-08-16 02:00:00+00:00,4.950000007947286,11.433333237965902,72.04166730244954,23.52083333333333,510.2916666666667
2025-08-16 03:00:00+00:00,4.770833333333333,11.458333253860474,71.35416730244954,23.366666316986084,506.7083333333333
2025-08-16 04:00:00+00:00,4.049999992052714,8.758333404858908,71.6125005086263,23.26250028610229,464.6666666666667
2025-08-16 05:00:00+00:00,5.06250003973643,10.737499952316284,71.56250127156575,23.429166475931805,516.4583333333334
2025-08-16 06:00:00+00:00,11.083333333333334,22.39166657129924,72.2375005086263,23.30833339691162,774.8333333333334
2025-08-16 07:00:00+00:00,24.5,37.96250025431315,69.60416475931804,23.775000254313152,1533.4166666666667
2025-08-16 08:00:00+00:00,30.21249993642171,46.87083307902018,68.78333409627278,23.78333314259847,2098.625
2025-08-16 09:00:00+00:00,28.45416657129924,44.975000063578285,66.54583358764648,24.15833314259847,1954.0416666666667
2025-08-16 10:00:00+00:00,21.33749993642171,32.320833365122475,62.30416711171468,25.13333336512248,1169.625
2025-08-16 11:00:00+00:00,15.525000015894571,27.049999713897705,60.55416711171468,25.712499777475998,1023.9166666666666
2025-08-16 12:00:00+00:00,7.758333325386047,17.308333317438763,62.93333339691162,25.31250015894572,651.4583333333334
2025-08-16 13:00:00+00:00,7.154166738192241,16.145833492279053,61.22083346048991,25.833333651224773,635.2916666666666
2025-08-16 14:00:00+00:00,6.34583334128062,14.445833206176758,57.92083326975504,26.64583333333333,601.5
2025-08-16 15:00:00+00:00,5.037499984105428,9.575000047683716,61.975000063578285,25.545833269755047,508.4166666666667
2025-08-16 16:00:00+00:00,9.90833326180776,18.28750006357829,64.74166615804036,24.870832920074463,690.8333333333334
2025-08-16 17:00:00+00:00,9.420833349227903,19.795833428700764,64.22083409627278,24.97499990463257,701.5
2025-08-16 18:00:00+00:00,10.087499936421713,21.374999443689983,67.3583329518636,24.395833492279053,751.75
2025-08-16 19:00:00+00:00,9.920833190282186,21.674999872843426,70.81666628519694,24.0041667620341,738.25
2025-08-16 20:00:00+00:00,9.854166746139526,21.84166653951009,72.20000012715657,23.824999650319416,736.2083333333334
2025-08-16 21:00:00+00:00,10.6875,22.46666693687439,72.78333409627278,23.75833320617676,953.5
2025-08-16 22:00:00+00:00,9.337500095367432,20.375,71.66666603088379,24.074999809265137,711.8333333333334
2025-08-16 23:00:00+00:00,8.00000003973643,18.229166507720947,70.88333447774251,24.34999958674113,648.5
2025-08-17 00:00:00+00:00,8.074999928474426,20.02500009536743,72.30833307902019,24.166666666666668,654.2916666666666
2025-08-17 01:00:00+00:00,6.03333334128062,16.579166730244953,73.64999961853027,23.85833311080933,585.4166666666666
2025-08-17 02:00:00+00:00,6.041666626930237,15.34583338101705,75.67083231608073,23.516666889190677,554.875
2025-08-17 03:00:00+00:00,3.512499988079071,7.820833245913188,75.51666641235352,23.55833355585734,443.0833333333333
2025-08-17 04:00:00+00:00,4.858333349227905,10.900000055631002,74.34166653951009,23.72500006357829,511.7916666666667
2025-08-17 05:00:00+00:00,4.329166690508525,9.808333277702332,73.4250005086263,23.83333317438761,492.0416666666667
2025-08-17 06:00:00+00:00,8.09166673819224,18.74166663487752,71.97083536783855,23.95416641235352,614.5416666666666
2025-08-17 07:00:00+00:00,11.708333174387612,22.52916677792867,72.59166653951009,23.96666653951009,793.625
2025-08-17 08:00:00+00:00,13.516666730244957,24.824999809265137,72.35416666666667,24.291666348775227,824.2083333333334
2025-08-17 09:00:00+00:00,12.454166730244957,23.43750015894572,72.23749987284343,24.39999993642171,784.5833333333334
2025-08-17 10:00:00+00:00,6.679166674613953,16.229166706403095,69.9250005086263,24.89583317438761,603.9583333333334
2025-08-17 11:00:00+00:00,5.012499968210856,9.875,66.06249936421712,25.34583346048991,510.75
2025-08-17 12:00:00+00:00,4.170833329359691,8.129166642824808,65.3874994913737,25.608333428700764,485.7916666666667
2025-08-17 13:00:00+00:00,2.8875000278155007,6.258333325386047,62.22499974568685,26.34583314259847,382.5416666666667
2025-08-17 14:00:00+00:00,3.762499988079071,8.504166722297668,65.0416653951009,25.7541667620341,441.75
2025-08-17 15:00:00+00:00,3.0750000278155007,6.849999904632568,67.74583307902019,25.3166667620341,406.875
2025-08-17 16:00:00+00:00,7.075000007947286,15.204166730244957,69.93333435058594,24.88333304723104,618.875
2025-08-17 17:00:00+00:00,11.729166785875956,23.21666653951009,71.4375,24.52916685740153,875.5416666666666
2025-08-17 18:00:00+00:00,8.129166642824808,19.545833349227905,71.85000038146973,24.40416622161865,661.125
2025-08-17 19:00:00+00:00,12.795833468437197,24.2541667620341,71.84583346048991,24.35000006357829,816.5416666666666
2025-08-17 20:00:00+00:00,10.225000103314718,22.041666825612385,71.64583333333333,24.354166507720947,727.1666666666666
2025-08-17 21:00:00+00:00,5.924999992052714,16.220833619435627,72.77500089009602,24.37500015894572,564.5833333333334
2025-08-17 22:00:00+00:00,5.433333317438762,13.69166660308838,73.5500005086263,24.26666641235352,538.9166666666666
2025-08-17 23:00:00+00:00,4.2916666467984514,10.866666634877523,74.38333384195964,23.987499872843426,478.3333333333333
2025-08-18 00:00:00+00:00,4.324999968210856,9.604166666666666,72.66666666666667,24.008333524068195,461.6666666666667
2025-08-18 01:00:00+00:00,4.899999996026357,13.304166555404665,72.94166692097981,24.02083333333333,528.25
2025-08-18 02:00:00+00:00,4.116666754086812,9.695833325386047,71.0458329518636,24.3249994913737,466.5833333333333
2025-08-18 03:00:00+00:00,3.4249999721844997,8.012499928474426,71.42499923706055,24.12083371480306,425.2916666666667
2025-08-18 04:00:00+00:00,4.262499958276749,9.87499996026357,71.4833329518636,24.12083387374878,462.0416666666667
2025-08-18 05:00:00+00:00,8.091666658719381,20.22500006357829,71.47499974568684,24.133333524068195,666.7083333333334
2025-08-18 06:00:00+00:00,9.337500015894571,21.12083339691162,72.20000012715657,23.87499936421712,718.8333333333334
2025-08-18 07:00:00+00:00,22.63750020662944,37.46666653951009,71.55416742960612,24.012499968210857,1408.375
2025-08-18 08:00:00+00:00,19.636363549665973,32.2363636710427,70.77727300470525,24.28636394847523,1117.1818181818182
2025-08-18 09:00:00+00:00,24.8791663646698,42.71250009536743,69.93749936421712,24.616666475931805,1844.1666666666667
2025-08-18 10:00:00+00:00,13.058333357175192,23.616666952768963,65.55416711171468,25.37499968210856,832.7083333333334
2025-08-18 11:00:00+00:00,4.270833333333333,9.09583330154419,62.00000031789144,25.96250009536743,470.3333333333333
2025-08-18 12:00:00+00:00,3.275000035762787,7.0708333651224775,61.300000508626304,26.09583330154419,406.3333333333333
2025-08-18 13:00:00+00:00,3.5458333492279053,7.629166642824809,60.0541664759318,26.345833619435627,435.4583333333333
2025-08-18 14:00:00+00:00,3.100000003973643,6.841666618982951,58.85000038146973,26.733333428700764,420.9166666666667
2025-08-18 15:00:00+00:00,3.8541666070620217,8.5625,62.53333346048991,25.92916663487752,450.3333333333333
2025-08-18 16:00:00+00:00,6.625000059604645,14.87083331743876,61.68750063578288,25.99166663487752,593.8333333333334
2025-08-18 17:00:00+00:00,9.43749988079071,20.545833428700764,64.43333307902019,25.37083355585734,704.0833333333334
2025-08-18 18:00:00+00:00,17.87916664282481,32.595832665761314,66.45833269755046,24.96666685740153,1418.6666666666667
2025-08-18 19:00:00+00:00,46.01666641235352,79.17916647593181,67.87916628519694,24.80833339691162,2866.708333333333
2025-08-18 20:00:00+00:00,18.28333322207133,30.52499993642171,67.78749974568684,24.90833330154419,1131.3333333333333
2025-08-18 21:00:00+00:00,14.991666793823242,26.6875,67.83333333333333,24.91249958674113,874.0
2025-08-18 22:00:00+00:00,12.09583330154419,24.86666663487752,68.09166463216145,24.824999968210857,788.75
2025-08-18 23:00:00+00:00,9.179166634877523,20.608333269755047,67.60833422342937,24.920833269755047,705.1666666666666
2025-08-19 00:00:00+00:00,10.84583330154419,23.74583339691162,67.24999936421712,25.09166717529297,776.75
2025-08-19 01:00:00+00:00,17.56250015894572,30.33333317438761,68.32500076293945,24.779166380564373,1016.0
2025-08-19 02:00:00+00:00,8.074999928474426,18.87500015894572,68.52083269755046,24.649999777475998,643.5416666666666
2025-08-19 03:00:00+00:00,4.920833309491475,12.125,67.89999961853027,24.6208332379659,511.0416666666667
2025-08-19 04:00:00+00:00,6.433333277702332,15.920833349227903,66.58333333333333,24.824999968210857,577.5416666666666
2025-08-19 05:00:00+00:00,8.94166668256124,21.15416653951009,66.04166603088379,24.987499713897705,674.9583333333334
2025-08-19 06:00:00+00:00,17.8166667620341,30.733333428700764,66.81250127156575,24.66250022252401,1156.625
2025-08-19 07:00:00+00:00,25.74999984105428,40.76666673024496,68.3791675567627,24.17916663487752,1652.7083333333333
2025-08-19 08:00:00+00:00,22.56666644414266,34.99583339691162,66.58333333333333,24.75416628519694,1296.4583333333333
2025-08-19 09:00:00+00:00,19.99999984105428,31.199999650319416,63.37500031789144,25.37500015894572,1084.8333333333333
2025-08-19 10:00:00+00:00,8.145833373069763,17.154166618982952,59.08749993642172,26.041666507720947,647.0833333333334
2025-08-19 11:00:00+00:00,4.324999948342641,9.983333349227903,59.054165840148926,26.24583339691162,491.4166666666667
2025-08-19 12:00:00+00:00,2.4791666766007743,5.9916666348775225,57.66249942779541,26.44166660308838,370.125
2025-08-19 13:00:00+00:00,1.7000000129143398,5.133333325386047,57.32916609446208,26.58750009536743,341.5416666666667
2025-08-19 14:00:00+00:00,14.46250013510386,25.14999993642171,59.31250063578288,26.39166641235352,955.0833333333334
2025-08-19 15:00:00+00:00,13.729166547457377,25.27499993642171,62.3041664759318,25.737500031789143,1014.4583333333334
2025-08-19 16:00:00+00:00,13.68333339691162,23.92916679382324,59.925000508626304,26.362499872843426,857.75
2025-08-19 17:00:00+00:00,8.98333332935969,19.449999968210857,58.520833333333336,26.641666730244957,716.1666666666666
2025-08-19 18:00:00+00:00,10.54583336909612,19.29166658719381,60.14583396911621,25.53749990463257,730.5
2025-08-19 19:00:00+00:00,10.200000047683716,20.25,65.80833307902019,24.645833651224773,826.6666666666666
2025-08-19 20:00:00+00:00,17.291666587193806,28.27500009536743,65.25833384195964,24.75,1034.8333333333333
2025-08-19 21:00:00+00:00,11.59166661898295,24.28333314259847,68.70833269755046,24.39583333333333,789.5833333333334
2025-08-19 22:00:00+00:00,11.25416668256124,23.00833320617676,68.97083346048991,24.070833524068195,800.2083333333334
2025-08-19 23:00:00+00:00,17.658333381017048,30.416666984558105,68.97083282470703,23.979166507720947,1034.75
2025-08-20 00:00:00+00:00,14.99583331743876,27.37083355585734,69.0250015258789,24.141666889190677,872.7083333333334
2025-08-20 01:00:00+00:00,13.641666491826376,26.358333428700764,69.80416742960612,23.92083295186361,848.0833333333334
2025-08-20 02:00:00+00:00,11.65833338101705,24.66250006357829,69.50833320617676,24.041666825612385,785.875
2025-08-20 03:00:00+00:00,8.06250007947286,21.199999968210857,69.51666577657063,24.224999745686848,680.5416666666666
2025-08-20 04:00:00+00:00,9.129166762034098,22.15833330154419,67.34583282470703,24.70833333333333,703.5416666666666
2025-08-20 05:00:00+00:00,10.475000063578287,22.18749984105428,68.46666717529297,24.1750005086263,752.4166666666666
2025-08-20 06:00:00+00:00,13.674999872843424,26.724999745686848,68.80416615804036,24.054166952768963,891.6666666666666
2025-08-20 07:00:00+00:00,25.32083320617676,38.31666723887125,66.7666670481364,24.412499745686848,1592.625
2025-08-20 08:00:00+00:00,23.76250012715657,36.24583307902018,65.77083396911621,24.87916660308838,1412.875
2025-08-20 09:00:00+00:00,17.924999952316284,30.22499958674113,63.0083335240682,25.487499713897705,1174.5416666666667
2025-08-20 10:00:00+00:00,12.55833343664805,24.195833524068195,61.037500063578285,25.8166667620341,890.875
2025-08-20 11:00:00+00:00,6.183333297570546,16.108333508173626,60.64583396911621,26.074999809265137,598.125
2025-08-20 12:00:00+00:00,4.474999944368999,9.56666668256124,58.20833365122477,26.4333332379659,486.6666666666667
2025-08-20 13:00:00+00:00,3.995833317438761,8.016666730244955,58.27499961853027,26.66666618982951,459.1666666666667
2025-08-20 14:00:00+00:00,4.483333329359691,9.458333333333334,60.68333371480306,26.09583314259847,481.4583333333333
2025-08-20 15:00:00+00:00,4.741666674613953,10.429166793823242,59.8833335240682,26.170833428700764,505.7916666666667
2025-08-20 16:00:00+00:00,7.041666666666667,15.84583330154419,60.94166692097982,25.68333339691162,591.625
2025-08-20 17:00:00+00:00,6.404545480554754,14.968181783502752,61.740909576416016,25.400000312111597,596.0909090909091
2025-08-20 18:00:00+00:00,9.508333245913189,20.72499982515971,64.14166673024495,24.75833320617676,749.7916666666666
2025-08-20 19:00:00+00:00,20.88333320617676,34.09166669845581,67.05833435058594,24.08333333333333,1352.1666666666667
2025-08-20 20:00:00+00:00,10.475000063578287,22.71250041325887,68.9833329518636,23.90833330154419,752.125
2025-08-20 21:00:00+00:00,7.141666730244954,18.912499745686848,70.22916730244954,23.795833269755047,630.8333333333334
2025-08-20 22:00:00+00:00,6.287499944368999,16.137500047683716,70.04583485921223,23.854166984558105,577.5
2025-08-20 23:00:00+00:00,5.97083334128062,16.395833412806194,69.83749961853027,23.987499713897705,581.7916666666666
2025-08-21 00:00:00+00:00,12.066666881243387,22.545833587646484,69.35416475931804,23.96666669845581,825.0416666666666
